subject,body,label
Software Release Notes,Find the latest financial report attached.,Primary
Account Update Notification,Don't forget our 10am meeting.,Primary
Software Release Notes,Find the latest financial report attached.,Primary
Office Event Reminder,Find the latest financial report attached.,Primary
Your Monthly Invoice,Our latest software update is now available.,Primary
Subscription Renewal Notice,Your invoice for this month is attached.,Primary
Your Monthly Invoice,Please review the project update before tomorrow's deadline.,Primary
Office Event Reminder,Your subscription is due for renewal soon.,Primary
Weekly Team Sync,Find the latest financial report attached.,Primary
Account Update Notification,HR has updated the leave policy. Please check the portal.,Primary
Quarterly Financial Report,Join us for our annual tech conference next week.,Primary
Important meeting today,Please review the project update before tomorrow's deadline.,Primary
Office Event Reminder,Don't forget our 10am meeting.,Primary
Software Release Notes,Your subscription is due for renewal soon.,Primary
HR Policy Update,Don't forget our 10am meeting.,Primary
Your Monthly Invoice,Don't forget our 10am meeting.,Primary
Important meeting today,Your subscription is due for renewal soon.,Primary
Invitation: Annual Tech Conference,Your subscription is due for renewal soon.,Primary
Your Monthly Invoice,Please review the project update before tomorrow's deadline.,Primary
Subscription Renewal Notice,Our latest software update is now available.,Primary
Important meeting today,Weekly progress sync scheduled for Monday morning.,Primary
Weekly Team Sync,Join us for our annual tech conference next week.,Primary
Invitation: Annual Tech Conference,Important security update required for your account.,Primary
Your Monthly Invoice,Join us for our annual tech conference next week.,Primary
Office Event Reminder,Join us for our annual tech conference next week.,Primary
Invitation: Annual Tech Conference,Join us for our annual tech conference next week.,Primary
Project Update Required,Find the latest financial report attached.,Primary
Subscription Renewal Notice,Your account settings have been updated.,Primary
Invitation: Annual Tech Conference,HR has updated the leave policy. Please check the portal.,Primary
Subscription Renewal Notice,Please review the project update before tomorrow's deadline.,Primary
Office Event Reminder,Important security update required for your account.,Primary
Subscription Renewal Notice,Your invoice for this month is attached.,Primary
HR Policy Update,Weekly progress sync scheduled for Monday morning.,Primary
HR Policy Update,Important security update required for your account.,Primary
Weekly Team Sync,Your subscription is due for renewal soon.,Primary
Invitation: Annual Tech Conference,Please review the project update before tomorrow's deadline.,Primary
Weekly Team Sync,Your subscription is due for renewal soon.,Primary
Project Update Required,Join us for the office event this Friday at 6 PM.,Primary
Account Update Notification,Important security update required for your account.,Primary
Invitation: Annual Tech Conference,Important security update required for your account.,Primary
Subscription Renewal Notice,Important security update required for your account.,Primary
Important meeting today,Your account settings have been updated.,Primary
Quarterly Financial Report,Please review the project update before tomorrow's deadline.,Primary
Invitation: Annual Tech Conference,Your subscription is due for renewal soon.,Primary
Important meeting today,Please review the project update before tomorrow's deadline.,Primary
Important meeting today,Your subscription is due for renewal soon.,Primary
HR Policy Update,HR has updated the leave policy. Please check the portal.,Primary
Important meeting today,Join us for the office event this Friday at 6 PM.,Primary
Subscription Renewal Notice,Your subscription is due for renewal soon.,Primary
Your Monthly Invoice,Your subscription is due for renewal soon.,Primary
Invitation: Annual Tech Conference,Join us for our annual tech conference next week.,Primary
Software Release Notes,Don't forget our 10am meeting.,Primary
Project Update Required,Don't forget our 10am meeting.,Primary
Your Monthly Invoice,Our latest software update is now available.,Primary
Security Alert: Action Needed,Our latest software update is now available.,Primary
Software Release Notes,HR has updated the leave policy. Please check the portal.,Primary
Invitation: Annual Tech Conference,Don't forget our 10am meeting.,Primary
Quarterly Financial Report,Your account settings have been updated.,Primary
Quarterly Financial Report,Join us for our annual tech conference next week.,Primary
Invitation: Annual Tech Conference,HR has updated the leave policy. Please check the portal.,Primary
Subscription Renewal Notice,Weekly progress sync scheduled for Monday morning.,Primary
Your Monthly Invoice,HR has updated the leave policy. Please check the portal.,Primary
Invitation: Annual Tech Conference,Find the latest financial report attached.,Primary
Important meeting today,Join us for the office event this Friday at 6 PM.,Primary
Invitation: Annual Tech Conference,Our latest software update is now available.,Primary
Project Update Required,Your account settings have been updated.,Primary
Security Alert: Action Needed,Join us for the office event this Friday at 6 PM.,Primary
Security Alert: Action Needed,Don't forget our 10am meeting.,Primary
Office Event Reminder,Join us for the office event this Friday at 6 PM.,Primary
Security Alert: Action Needed,Important security update required for your account.,Primary
Weekly Team Sync,Your invoice for this month is attached.,Primary
Office Event Reminder,Important security update required for your account.,Primary
Security Alert: Action Needed,Your subscription is due for renewal soon.,Primary
Weekly Team Sync,Your subscription is due for renewal soon.,Primary
Project Update Required,Join us for our annual tech conference next week.,Primary
Office Event Reminder,Please review the project update before tomorrow's deadline.,Primary
Quarterly Financial Report,Join us for our annual tech conference next week.,Primary
Weekly Team Sync,Our latest software update is now available.,Primary
Weekly Team Sync,Please review the project update before tomorrow's deadline.,Primary
Invitation: Annual Tech Conference,HR has updated the leave policy. Please check the portal.,Primary
Quarterly Financial Report,Your invoice for this month is attached.,Primary
Weekly Team Sync,Important security update required for your account.,Primary
Software Release Notes,Join us for the office event this Friday at 6 PM.,Primary
Office Event Reminder,Your invoice for this month is attached.,Primary
Subscription Renewal Notice,HR has updated the leave policy. Please check the portal.,Primary
Project Update Required,Your subscription is due for renewal soon.,Primary
Important meeting today,Your invoice for this month is attached.,Primary
Software Release Notes,Your subscription is due for renewal soon.,Primary
Software Release Notes,Your subscription is due for renewal soon.,Primary
Invitation: Annual Tech Conference,Your invoice for this month is attached.,Primary
HR Policy Update,Our latest software update is now available.,Primary
Your Monthly Invoice,HR has updated the leave policy. Please check the portal.,Primary
Important meeting today,Join us for our annual tech conference next week.,Primary
Software Release Notes,Important security update required for your account.,Primary
Your Monthly Invoice,Your invoice for this month is attached.,Primary
Project Update Required,Important security update required for your account.,Primary
Invitation: Annual Tech Conference,Your account settings have been updated.,Primary
Security Alert: Action Needed,HR has updated the leave policy. Please check the portal.,Primary
Software Release Notes,Please review the project update before tomorrow's deadline.,Primary
Your Monthly Invoice,Find the latest financial report attached.,Primary
Important meeting today,Please review the project update before tomorrow's deadline.,Primary
Software Release Notes,Our latest software update is now available.,Primary
Software Release Notes,Your invoice for this month is attached.,Primary
Security Alert: Action Needed,Our latest software update is now available.,Primary
Weekly Team Sync,Join us for the office event this Friday at 6 PM.,Primary
Project Update Required,Important security update required for your account.,Primary
Weekly Team Sync,Your account settings have been updated.,Primary
Important meeting today,Join us for our annual tech conference next week.,Primary
Weekly Team Sync,Don't forget our 10am meeting.,Primary
Subscription Renewal Notice,Important security update required for your account.,Primary
Quarterly Financial Report,Our latest software update is now available.,Primary
Your Monthly Invoice,HR has updated the leave policy. Please check the portal.,Primary
Your Monthly Invoice,Join us for the office event this Friday at 6 PM.,Primary
Quarterly Financial Report,Join us for our annual tech conference next week.,Primary
HR Policy Update,Don't forget our 10am meeting.,Primary
Project Update Required,Weekly progress sync scheduled for Monday morning.,Primary
Your Monthly Invoice,Your subscription is due for renewal soon.,Primary
Office Event Reminder,Join us for the office event this Friday at 6 PM.,Primary
Your Monthly Invoice,Your invoice for this month is attached.,Primary
Weekly Team Sync,Your subscription is due for renewal soon.,Primary
Security Alert: Action Needed,Your invoice for this month is attached.,Primary
Software Release Notes,Important security update required for your account.,Primary
Quarterly Financial Report,Join us for our annual tech conference next week.,Primary
HR Policy Update,Don't forget our 10am meeting.,Primary
Security Alert: Action Needed,Your invoice for this month is attached.,Primary
Security Alert: Action Needed,Your invoice for this month is attached.,Primary
Quarterly Financial Report,Don't forget our 10am meeting.,Primary
Security Alert: Action Needed,Find the latest financial report attached.,Primary
Quarterly Financial Report,Find the latest financial report attached.,Primary
Security Alert: Action Needed,HR has updated the leave policy. Please check the portal.,Primary
Important meeting today,Important security update required for your account.,Primary
Office Event Reminder,Don't forget our 10am meeting.,Primary
Account Update Notification,Important security update required for your account.,Primary
HR Policy Update,Important security update required for your account.,Primary
Important meeting today,Join us for our annual tech conference next week.,Primary
Invitation: Annual Tech Conference,Your subscription is due for renewal soon.,Primary
Software Release Notes,Your subscription is due for renewal soon.,Primary
HR Policy Update,Your invoice for this month is attached.,Primary
HR Policy Update,Join us for the office event this Friday at 6 PM.,Primary
HR Policy Update,Important security update required for your account.,Primary
Invitation: Annual Tech Conference,Please review the project update before tomorrow's deadline.,Primary
Project Update Required,Your account settings have been updated.,Primary
Weekly Team Sync,Join us for the office event this Friday at 6 PM.,Primary
Your Monthly Invoice,Our latest software update is now available.,Primary
Weekly Team Sync,HR has updated the leave policy. Please check the portal.,Primary
Your Monthly Invoice,Don't forget our 10am meeting.,Primary
Important meeting today,HR has updated the leave policy. Please check the portal.,Primary
Quarterly Financial Report,Weekly progress sync scheduled for Monday morning.,Primary
Software Release Notes,Please review the project update before tomorrow's deadline.,Primary
Subscription Renewal Notice,Weekly progress sync scheduled for Monday morning.,Primary
Weekly Team Sync,Join us for the office event this Friday at 6 PM.,Primary
Subscription Renewal Notice,Please review the project update before tomorrow's deadline.,Primary
HR Policy Update,Your invoice for this month is attached.,Primary
Security Alert: Action Needed,Our latest software update is now available.,Primary
Weekly Team Sync,HR has updated the leave policy. Please check the portal.,Primary
Invitation: Annual Tech Conference,Weekly progress sync scheduled for Monday morning.,Primary
Office Event Reminder,Find the latest financial report attached.,Primary
Project Update Required,Find the latest financial report attached.,Primary
Subscription Renewal Notice,HR has updated the leave policy. Please check the portal.,Primary
Important meeting today,Our latest software update is now available.,Primary
Quarterly Financial Report,Your account settings have been updated.,Primary
Your Monthly Invoice,Important security update required for your account.,Primary
Office Event Reminder,Join us for the office event this Friday at 6 PM.,Primary
Software Release Notes,Our latest software update is now available.,Primary
Account Update Notification,Your invoice for this month is attached.,Primary
Important meeting today,Find the latest financial report attached.,Primary
Security Alert: Action Needed,HR has updated the leave policy. Please check the portal.,Primary
Quarterly Financial Report,Join us for the office event this Friday at 6 PM.,Primary
Invitation: Annual Tech Conference,Important security update required for your account.,Primary
Weekly Team Sync,Join us for our annual tech conference next week.,Primary
Invitation: Annual Tech Conference,Our latest software update is now available.,Primary
Account Update Notification,Important security update required for your account.,Primary
Account Update Notification,Your invoice for this month is attached.,Primary
Software Release Notes,Find the latest financial report attached.,Primary
Invitation: Annual Tech Conference,Join us for the office event this Friday at 6 PM.,Primary
Quarterly Financial Report,Your account settings have been updated.,Primary
Weekly Team Sync,HR has updated the leave policy. Please check the portal.,Primary
Your Monthly Invoice,Your invoice for this month is attached.,Primary
Security Alert: Action Needed,Important security update required for your account.,Primary
Office Event Reminder,Your account settings have been updated.,Primary
Quarterly Financial Report,Your invoice for this month is attached.,Primary
Project Update Required,Please review the project update before tomorrow's deadline.,Primary
Quarterly Financial Report,Your invoice for this month is attached.,Primary
Your Monthly Invoice,Your invoice for this month is attached.,Primary
Account Update Notification,Please review the project update before tomorrow's deadline.,Primary
Office Event Reminder,Find the latest financial report attached.,Primary
HR Policy Update,Weekly progress sync scheduled for Monday morning.,Primary
Subscription Renewal Notice,Our latest software update is now available.,Primary
Subscription Renewal Notice,Join us for our annual tech conference next week.,Primary
Weekly Team Sync,Join us for our annual tech conference next week.,Primary
Software Release Notes,Your account settings have been updated.,Primary
Important meeting today,Don't forget our 10am meeting.,Primary
Account Update Notification,Your subscription is due for renewal soon.,Primary
Project Update Required,HR has updated the leave policy. Please check the portal.,Primary
Security Alert: Action Needed,Our latest software update is now available.,Primary
Account Update Notification,Don't forget our 10am meeting.,Primary
Important meeting today,Don't forget our 10am meeting.,Primary
Subscription Renewal Notice,Your subscription is due for renewal soon.,Primary
Account Update Notification,HR has updated the leave policy. Please check the portal.,Primary
Quarterly Financial Report,Please review the project update before tomorrow's deadline.,Primary
Project Update Required,Join us for our annual tech conference next week.,Primary
Weekly Team Sync,Important security update required for your account.,Primary
Important meeting today,Your invoice for this month is attached.,Primary
Software Release Notes,HR has updated the leave policy. Please check the portal.,Primary
Invitation: Annual Tech Conference,Please review the project update before tomorrow's deadline.,Primary
Weekly Team Sync,HR has updated the leave policy. Please check the portal.,Primary
Weekly Team Sync,Don't forget our 10am meeting.,Primary
Your Monthly Invoice,Weekly progress sync scheduled for Monday morning.,Primary
HR Policy Update,Our latest software update is now available.,Primary
HR Policy Update,Please review the project update before tomorrow's deadline.,Primary
Your Monthly Invoice,Join us for our annual tech conference next week.,Primary
Software Release Notes,Please review the project update before tomorrow's deadline.,Primary
Office Event Reminder,Your invoice for this month is attached.,Primary
Office Event Reminder,Join us for the office event this Friday at 6 PM.,Primary
Quarterly Financial Report,Your invoice for this month is attached.,Primary
Weekly Team Sync,Join us for our annual tech conference next week.,Primary
Invitation: Annual Tech Conference,Your invoice for this month is attached.,Primary
Software Release Notes,Our latest software update is now available.,Primary
Quarterly Financial Report,Find the latest financial report attached.,Primary
Project Update Required,Please review the project update before tomorrow's deadline.,Primary
Account Update Notification,Join us for the office event this Friday at 6 PM.,Primary
Office Event Reminder,Weekly progress sync scheduled for Monday morning.,Primary
Invitation: Annual Tech Conference,Your subscription is due for renewal soon.,Primary
Project Update Required,Your subscription is due for renewal soon.,Primary
Office Event Reminder,Don't forget our 10am meeting.,Primary
Subscription Renewal Notice,Our latest software update is now available.,Primary
Subscription Renewal Notice,Your account settings have been updated.,Primary
HR Policy Update,Join us for the office event this Friday at 6 PM.,Primary
HR Policy Update,Our latest software update is now available.,Primary
Important meeting today,Important security update required for your account.,Primary
Account Update Notification,Don't forget our 10am meeting.,Primary
Software Release Notes,Your subscription is due for renewal soon.,Primary
Important meeting today,Important security update required for your account.,Primary
Weekly Team Sync,Find the latest financial report attached.,Primary
Invitation: Annual Tech Conference,Weekly progress sync scheduled for Monday morning.,Primary
Office Event Reminder,Please review the project update before tomorrow's deadline.,Primary
HR Policy Update,Your invoice for this month is attached.,Primary
Weekly Team Sync,Your invoice for this month is attached.,Primary
Security Alert: Action Needed,Join us for our annual tech conference next week.,Primary
Invitation: Annual Tech Conference,Your account settings have been updated.,Primary
Important meeting today,Weekly progress sync scheduled for Monday morning.,Primary
Quarterly Financial Report,Find the latest financial report attached.,Primary
Subscription Renewal Notice,Your invoice for this month is attached.,Primary
Important meeting today,Your invoice for this month is attached.,Primary
Software Release Notes,Join us for our annual tech conference next week.,Primary
Quarterly Financial Report,Please review the project update before tomorrow's deadline.,Primary
Project Update Required,Your account settings have been updated.,Primary
Your Monthly Invoice,Your invoice for this month is attached.,Primary
Security Alert: Action Needed,Don't forget our 10am meeting.,Primary
Project Update Required,Your account settings have been updated.,Primary
Weekly Team Sync,Your account settings have been updated.,Primary
Quarterly Financial Report,Please review the project update before tomorrow's deadline.,Primary
Project Update Required,Find the latest financial report attached.,Primary
Office Event Reminder,Your subscription is due for renewal soon.,Primary
Subscription Renewal Notice,Join us for our annual tech conference next week.,Primary
Software Release Notes,Your invoice for this month is attached.,Primary
Weekly Team Sync,Join us for our annual tech conference next week.,Primary
Office Event Reminder,HR has updated the leave policy. Please check the portal.,Primary
Subscription Renewal Notice,Join us for the office event this Friday at 6 PM.,Primary
Subscription Renewal Notice,Join us for the office event this Friday at 6 PM.,Primary
Project Update Required,Our latest software update is now available.,Primary
HR Policy Update,Your account settings have been updated.,Primary
Quarterly Financial Report,Join us for the office event this Friday at 6 PM.,Primary
Weekly Team Sync,Your subscription is due for renewal soon.,Primary
Software Release Notes,Weekly progress sync scheduled for Monday morning.,Primary
Subscription Renewal Notice,Find the latest financial report attached.,Primary
Weekly Team Sync,Join us for the office event this Friday at 6 PM.,Primary
Subscription Renewal Notice,Join us for the office event this Friday at 6 PM.,Primary
Office Event Reminder,Weekly progress sync scheduled for Monday morning.,Primary
Office Event Reminder,Your invoice for this month is attached.,Primary
Subscription Renewal Notice,Don't forget our 10am meeting.,Primary
HR Policy Update,Please review the project update before tomorrow's deadline.,Primary
Your Monthly Invoice,Your account settings have been updated.,Primary
Office Event Reminder,Don't forget our 10am meeting.,Primary
Project Update Required,HR has updated the leave policy. Please check the portal.,Primary
Quarterly Financial Report,Join us for the office event this Friday at 6 PM.,Primary
Weekly Team Sync,Join us for our annual tech conference next week.,Primary
Quarterly Financial Report,Your invoice for this month is attached.,Primary
Account Update Notification,Join us for the office event this Friday at 6 PM.,Primary
Subscription Renewal Notice,Important security update required for your account.,Primary
Quarterly Financial Report,Important security update required for your account.,Primary
Your Monthly Invoice,Our latest software update is now available.,Primary
Weekly Team Sync,Important security update required for your account.,Primary
Project Update Required,Find the latest financial report attached.,Primary
Software Release Notes,Don't forget our 10am meeting.,Primary
Subscription Renewal Notice,Please review the project update before tomorrow's deadline.,Primary
HR Policy Update,Important security update required for your account.,Primary
Office Event Reminder,Weekly progress sync scheduled for Monday morning.,Primary
Project Update Required,Find the latest financial report attached.,Primary
HR Policy Update,Important security update required for your account.,Primary
Account Update Notification,HR has updated the leave policy. Please check the portal.,Primary
Account Update Notification,Don't forget our 10am meeting.,Primary
Security Alert: Action Needed,Don't forget our 10am meeting.,Primary
HR Policy Update,Your subscription is due for renewal soon.,Primary
Project Update Required,Your subscription is due for renewal soon.,Primary
Office Event Reminder,Please review the project update before tomorrow's deadline.,Primary
Your Monthly Invoice,HR has updated the leave policy. Please check the portal.,Primary
Security Alert: Action Needed,Find the latest financial report attached.,Primary
Quarterly Financial Report,Our latest software update is now available.,Primary
Office Event Reminder,Your account settings have been updated.,Primary
HR Policy Update,Your account settings have been updated.,Primary
Weekly Team Sync,Your account settings have been updated.,Primary
HR Policy Update,Don't forget our 10am meeting.,Primary
Subscription Renewal Notice,Our latest software update is now available.,Primary
Quarterly Financial Report,Your invoice for this month is attached.,Primary
Weekly Team Sync,Please review the project update before tomorrow's deadline.,Primary
Account Update Notification,Join us for the office event this Friday at 6 PM.,Primary
Important meeting today,Your subscription is due for renewal soon.,Primary
Project Update Required,Join us for our annual tech conference next week.,Primary
Office Event Reminder,Find the latest financial report attached.,Primary
Weekly Team Sync,Our latest software update is now available.,Primary
Office Event Reminder,Your invoice for this month is attached.,Primary
Office Event Reminder,Please review the project update before tomorrow's deadline.,Primary
Project Update Required,Your account settings have been updated.,Primary
Software Release Notes,Our latest software update is now available.,Primary
Your Monthly Invoice,Important security update required for your account.,Primary
Security Alert: Action Needed,HR has updated the leave policy. Please check the portal.,Primary
Invitation: Annual Tech Conference,Please review the project update before tomorrow's deadline.,Primary
HR Policy Update,Please review the project update before tomorrow's deadline.,Primary
Project Update Required,Your account settings have been updated.,Primary
Account Update Notification,Please review the project update before tomorrow's deadline.,Primary
Invitation: Annual Tech Conference,Your invoice for this month is attached.,Primary
Project Update Required,Your invoice for this month is attached.,Primary
Weekly Team Sync,Your subscription is due for renewal soon.,Primary
Weekly Team Sync,Find the latest financial report attached.,Primary
Project Update Required,Please review the project update before tomorrow's deadline.,Primary
Weekly Team Sync,Our latest software update is now available.,Primary
Quarterly Financial Report,Please review the project update before tomorrow's deadline.,Primary
Your Monthly Invoice,Don't forget our 10am meeting.,Primary
Weekly Team Sync,HR has updated the leave policy. Please check the portal.,Primary
Account Update Notification,Your subscription is due for renewal soon.,Primary
Security Alert: Action Needed,Your subscription is due for renewal soon.,Primary
Your Monthly Invoice,Don't forget our 10am meeting.,Primary
Software Release Notes,Find the latest financial report attached.,Primary
Project Update Required,Your invoice for this month is attached.,Primary
Weekly Team Sync,Join us for our annual tech conference next week.,Primary
Important meeting today,HR has updated the leave policy. Please check the portal.,Primary
Software Release Notes,Our latest software update is now available.,Primary
Your Monthly Invoice,HR has updated the leave policy. Please check the portal.,Primary
Invitation: Annual Tech Conference,Weekly progress sync scheduled for Monday morning.,Primary
Security Alert: Action Needed,Please review the project update before tomorrow's deadline.,Primary
Important meeting today,Join us for our annual tech conference next week.,Primary
Invitation: Annual Tech Conference,Please review the project update before tomorrow's deadline.,Primary
Invitation: Annual Tech Conference,Don't forget our 10am meeting.,Primary
Your Monthly Invoice,Important security update required for your account.,Primary
Important meeting today,Don't forget our 10am meeting.,Primary
Subscription Renewal Notice,Find the latest financial report attached.,Primary
Quarterly Financial Report,Your invoice for this month is attached.,Primary
Office Event Reminder,Don't forget our 10am meeting.,Primary
Security Alert: Action Needed,Your subscription is due for renewal soon.,Primary
Weekly Team Sync,Your invoice for this month is attached.,Primary
Weekly Team Sync,Don't forget our 10am meeting.,Primary
Office Event Reminder,Our latest software update is now available.,Primary
Project Update Required,Your subscription is due for renewal soon.,Primary
HR Policy Update,Your invoice for this month is attached.,Primary
Quarterly Financial Report,Your subscription is due for renewal soon.,Primary
Subscription Renewal Notice,Join us for the office event this Friday at 6 PM.,Primary
Your Monthly Invoice,Your subscription is due for renewal soon.,Primary
Invitation: Annual Tech Conference,Your account settings have been updated.,Primary
Invitation: Annual Tech Conference,Important security update required for your account.,Primary
Software Release Notes,Join us for our annual tech conference next week.,Primary
Your Monthly Invoice,Your subscription is due for renewal soon.,Primary
Weekly Team Sync,Join us for the office event this Friday at 6 PM.,Primary
Invitation: Annual Tech Conference,Your account settings have been updated.,Primary
Account Update Notification,Find the latest financial report attached.,Primary
Weekly Team Sync,Important security update required for your account.,Primary
Important meeting today,Important security update required for your account.,Primary
Security Alert: Action Needed,Your subscription is due for renewal soon.,Primary
Subscription Renewal Notice,HR has updated the leave policy. Please check the portal.,Primary
HR Policy Update,Join us for our annual tech conference next week.,Primary
Security Alert: Action Needed,Weekly progress sync scheduled for Monday morning.,Primary
Software Release Notes,Join us for the office event this Friday at 6 PM.,Primary
Project Update Required,Your invoice for this month is attached.,Primary
Security Alert: Action Needed,Your subscription is due for renewal soon.,Primary
Security Alert: Action Needed,Please review the project update before tomorrow's deadline.,Primary
Important meeting today,Your invoice for this month is attached.,Primary
Quarterly Financial Report,Please review the project update before tomorrow's deadline.,Primary
Security Alert: Action Needed,Your account settings have been updated.,Primary
Important meeting today,Join us for our annual tech conference next week.,Primary
Office Event Reminder,Join us for our annual tech conference next week.,Primary
Invitation: Annual Tech Conference,Your account settings have been updated.,Primary
Software Release Notes,Please review the project update before tomorrow's deadline.,Primary
Software Release Notes,Your subscription is due for renewal soon.,Primary
Invitation: Annual Tech Conference,Important security update required for your account.,Primary
Important meeting today,Your account settings have been updated.,Primary
Weekly Team Sync,Find the latest financial report attached.,Primary
Account Update Notification,Your subscription is due for renewal soon.,Primary
Quarterly Financial Report,Join us for the office event this Friday at 6 PM.,Primary
Weekly Team Sync,Don't forget our 10am meeting.,Primary
Project Update Required,Join us for the office event this Friday at 6 PM.,Primary
Quarterly Financial Report,Join us for the office event this Friday at 6 PM.,Primary
Weekly Team Sync,HR has updated the leave policy. Please check the portal.,Primary
Office Event Reminder,Your account settings have been updated.,Primary
Subscription Renewal Notice,Your account settings have been updated.,Primary
Security Alert: Action Needed,Join us for the office event this Friday at 6 PM.,Primary
Software Release Notes,Please review the project update before tomorrow's deadline.,Primary
Subscription Renewal Notice,Join us for our annual tech conference next week.,Primary
Software Release Notes,Your account settings have been updated.,Primary
Office Event Reminder,Find the latest financial report attached.,Primary
Important meeting today,Find the latest financial report attached.,Primary
Weekly Team Sync,Don't forget our 10am meeting.,Primary
Weekly Team Sync,Our latest software update is now available.,Primary
Invitation: Annual Tech Conference,Important security update required for your account.,Primary
Invitation: Annual Tech Conference,Weekly progress sync scheduled for Monday morning.,Primary
Important meeting today,Our latest software update is now available.,Primary
Your Monthly Invoice,Your subscription is due for renewal soon.,Primary
Security Alert: Action Needed,Join us for our annual tech conference next week.,Primary
Office Event Reminder,Our latest software update is now available.,Primary
Invitation: Annual Tech Conference,Your invoice for this month is attached.,Primary
Security Alert: Action Needed,Please review the project update before tomorrow's deadline.,Primary
HR Policy Update,Important security update required for your account.,Primary
Quarterly Financial Report,HR has updated the leave policy. Please check the portal.,Primary
Project Update Required,Your invoice for this month is attached.,Primary
Account Update Notification,Don't forget our 10am meeting.,Primary
HR Policy Update,Weekly progress sync scheduled for Monday morning.,Primary
Security Alert: Action Needed,HR has updated the leave policy. Please check the portal.,Primary
Office Event Reminder,Your subscription is due for renewal soon.,Primary
Quarterly Financial Report,Your invoice for this month is attached.,Primary
Software Release Notes,Don't forget our 10am meeting.,Primary
HR Policy Update,Please review the project update before tomorrow's deadline.,Primary
Your Monthly Invoice,Your account settings have been updated.,Primary
Office Event Reminder,Please review the project update before tomorrow's deadline.,Primary
Invitation: Annual Tech Conference,Our latest software update is now available.,Primary
Quarterly Financial Report,Don't forget our 10am meeting.,Primary
Important meeting today,Important security update required for your account.,Primary
HR Policy Update,Join us for our annual tech conference next week.,Primary
Quarterly Financial Report,HR has updated the leave policy. Please check the portal.,Primary
Invitation: Annual Tech Conference,Your account settings have been updated.,Primary
Your Monthly Invoice,Your subscription is due for renewal soon.,Primary
Office Event Reminder,Your account settings have been updated.,Primary
Office Event Reminder,Your subscription is due for renewal soon.,Primary
Subscription Renewal Notice,Join us for the office event this Friday at 6 PM.,Primary
Project Update Required,Your subscription is due for renewal soon.,Primary
Software Release Notes,Please review the project update before tomorrow's deadline.,Primary
Weekly Team Sync,Important security update required for your account.,Primary
Project Update Required,Join us for the office event this Friday at 6 PM.,Primary
Office Event Reminder,Find the latest financial report attached.,Primary
Quarterly Financial Report,Your account settings have been updated.,Primary
Office Event Reminder,Don't forget our 10am meeting.,Primary
Subscription Renewal Notice,Don't forget our 10am meeting.,Primary
Weekly Team Sync,Our latest software update is now available.,Primary
HR Policy Update,Your invoice for this month is attached.,Primary
HR Policy Update,Weekly progress sync scheduled for Monday morning.,Primary
Subscription Renewal Notice,Please review the project update before tomorrow's deadline.,Primary
Software Release Notes,Our latest software update is now available.,Primary
Your Monthly Invoice,Your subscription is due for renewal soon.,Primary
Subscription Renewal Notice,Your subscription is due for renewal soon.,Primary
Security Alert: Action Needed,Join us for our annual tech conference next week.,Primary
Software Release Notes,Please review the project update before tomorrow's deadline.,Primary
Office Event Reminder,Find the latest financial report attached.,Primary
Project Update Required,Your invoice for this month is attached.,Primary
Weekly Team Sync,Please review the project update before tomorrow's deadline.,Primary
Your Monthly Invoice,Your subscription is due for renewal soon.,Primary
Important meeting today,Find the latest financial report attached.,Primary
Account Update Notification,Weekly progress sync scheduled for Monday morning.,Primary
Weekly Team Sync,Find the latest financial report attached.,Primary
Important meeting today,Important security update required for your account.,Primary
Invitation: Annual Tech Conference,Please review the project update before tomorrow's deadline.,Primary
Account Update Notification,Your invoice for this month is attached.,Primary
Quarterly Financial Report,HR has updated the leave policy. Please check the portal.,Primary
Software Release Notes,Don't forget our 10am meeting.,Primary
Important meeting today,Please review the project update before tomorrow's deadline.,Primary
Security Alert: Action Needed,Important security update required for your account.,Primary
Account Update Notification,HR has updated the leave policy. Please check the portal.,Primary
Weekly Team Sync,Find the latest financial report attached.,Primary
HR Policy Update,Join us for our annual tech conference next week.,Primary
Security Alert: Action Needed,Your invoice for this month is attached.,Primary
HR Policy Update,Your invoice for this month is attached.,Primary
Quarterly Financial Report,HR has updated the leave policy. Please check the portal.,Primary
Weekly Team Sync,Find the latest financial report attached.,Primary
Account Update Notification,Join us for the office event this Friday at 6 PM.,Primary
Software Release Notes,Don't forget our 10am meeting.,Primary
Your Monthly Invoice,HR has updated the leave policy. Please check the portal.,Primary
Security Alert: Action Needed,Don't forget our 10am meeting.,Primary
Subscription Renewal Notice,Join us for our annual tech conference next week.,Primary
Software Release Notes,Join us for the office event this Friday at 6 PM.,Primary
Office Event Reminder,Important security update required for your account.,Primary
Security Alert: Action Needed,Weekly progress sync scheduled for Monday morning.,Primary
Important meeting today,Find the latest financial report attached.,Primary
Invitation: Annual Tech Conference,Important security update required for your account.,Primary
Weekly Team Sync,Important security update required for your account.,Primary
Your Monthly Invoice,Don't forget our 10am meeting.,Primary
Important meeting today,Don't forget our 10am meeting.,Primary
Project Update Required,Important security update required for your account.,Primary
Software Release Notes,Weekly progress sync scheduled for Monday morning.,Primary
Quarterly Financial Report,Weekly progress sync scheduled for Monday morning.,Primary
Software Release Notes,Our latest software update is now available.,Primary
Weekly Team Sync,Join us for our annual tech conference next week.,Primary
Office Event Reminder,Your invoice for this month is attached.,Primary
Software Release Notes,HR has updated the leave policy. Please check the portal.,Primary
Invitation: Annual Tech Conference,Weekly progress sync scheduled for Monday morning.,Primary
Project Update Required,Your account settings have been updated.,Primary
Subscription Renewal Notice,Please review the project update before tomorrow's deadline.,Primary
Your Monthly Invoice,HR has updated the leave policy. Please check the portal.,Primary
Office Event Reminder,Weekly progress sync scheduled for Monday morning.,Primary
Account Update Notification,Our latest software update is now available.,Primary
Security Alert: Action Needed,HR has updated the leave policy. Please check the portal.,Primary
Important meeting today,Important security update required for your account.,Primary
Invitation: Annual Tech Conference,Important security update required for your account.,Primary
Your Monthly Invoice,Our latest software update is now available.,Primary
Congratulations! You won a free trip,Get a free smartwatch with your first purchase.,Spam
You've Been Chosen! Collect Your Reward,Your bank account is at risk! Verify details immediately.,Spam
Claim Your Free iPhone Today!,Update your account details immediately to avoid suspension.,Spam
Your Loan Pre-Approval is Ready,Update your account details immediately to avoid suspension.,Spam
Bitcoin Investment: Double Your Money!,Update your account details immediately to avoid suspension.,Spam
Exclusive Offer! 70% Discount Inside,You've been selected for an exclusive gift. Act now!,Spam
Urgent: Your Account Is At Risk,You've been selected for an exclusive gift. Act now!,Spam
Claim Your Free Gift Now!,Get unlimited movie streaming for free. Sign up today!,Spam
Your Loan Pre-Approval is Ready,Invest in Bitcoin today and double your money in a month!,Spam
Urgent: Your Account Is At Risk,Your bank account is at risk! Verify details immediately.,Spam
Unlimited Streaming for Free!,Your bank account is at risk! Verify details immediately.,Spam
Work from Home and Earn $500 Daily,Get unlimited movie streaming for free. Sign up today!,Spam
Work from Home and Earn $500 Daily,Invest in Bitcoin today and double your money in a month!,Spam
Claim Your Free Gift Now!,Your loan has been pre-approved. Check eligibility now.,Spam
You've Been Chosen! Collect Your Reward,Update your account details immediately to avoid suspension.,Spam
Claim Your Free Gift Now!,Get a free smartwatch with your first purchase.,Spam
Urgent: Your Account Is At Risk,Click here to claim your prize.,Spam
Congratulations! You won a free trip,Earn $500 per day from home with no experience required.,Spam
Work from Home and Earn $500 Daily,Click here to claim your prize.,Spam
Claim Your Free Gift Now!,Update your account details immediately to avoid suspension.,Spam
Work from Home and Earn $500 Daily,Get unlimited movie streaming for free. Sign up today!,Spam
You've Been Chosen! Collect Your Reward,Click here to claim your prize.,Spam
Final Notice: Urgent Account Update Needed,Update your account details immediately to avoid suspension.,Spam
You're Selected for a Cash Prize!,Get a massive 70% discount today! Limited time only.,Spam
Unlimited Streaming for Free!,Invest in Bitcoin today and double your money in a month!,Spam
Final Notice: Urgent Account Update Needed,Update your account details immediately to avoid suspension.,Spam
You've Been Chosen! Collect Your Reward,Get unlimited movie streaming for free. Sign up today!,Spam
Unlimited Streaming for Free!,Earn $500 per day from home with no experience required.,Spam
Your Loan Pre-Approval is Ready,You've been selected for an exclusive gift. Act now!,Spam
Unlimited Streaming for Free!,Get unlimited movie streaming for free. Sign up today!,Spam
Claim Your Free iPhone Today!,Your loan has been pre-approved. Check eligibility now.,Spam
Bitcoin Investment: Double Your Money!,You've been selected for an exclusive gift. Act now!,Spam
Claim Your Free Gift Now!,You won a cash prize! Submit details to claim.,Spam
Congratulations! You won a free trip,Win a free iPhone by signing up now.,Spam
You've Been Chosen! Collect Your Reward,Update your account details immediately to avoid suspension.,Spam
You've Been Chosen! Collect Your Reward,Click here to claim your prize.,Spam
Final Notice: Urgent Account Update Needed,Get unlimited movie streaming for free. Sign up today!,Spam
Final Notice: Urgent Account Update Needed,Your bank account is at risk! Verify details immediately.,Spam
Urgent: Your Account Is At Risk,You've been selected for an exclusive gift. Act now!,Spam
Unlimited Streaming for Free!,Get unlimited movie streaming for free. Sign up today!,Spam
Work from Home and Earn $500 Daily,Your bank account is at risk! Verify details immediately.,Spam
Unlimited Streaming for Free!,You've been selected for an exclusive gift. Act now!,Spam
Unlimited Streaming for Free!,Win a free iPhone by signing up now.,Spam
You've Been Chosen! Collect Your Reward,Get a massive 70% discount today! Limited time only.,Spam
Work from Home and Earn $500 Daily,Click here to claim your prize.,Spam
Exclusive Offer! 70% Discount Inside,Invest in Bitcoin today and double your money in a month!,Spam
Your Loan Pre-Approval is Ready,Click here to claim your prize.,Spam
Bitcoin Investment: Double Your Money!,You won a cash prize! Submit details to claim.,Spam
Your Loan Pre-Approval is Ready,You've been selected for an exclusive gift. Act now!,Spam
Urgent: Your Account Is At Risk,You won a cash prize! Submit details to claim.,Spam
Claim Your Free Gift Now!,Your bank account is at risk! Verify details immediately.,Spam
Exclusive Offer! 70% Discount Inside,Update your account details immediately to avoid suspension.,Spam
Claim Your Free Gift Now!,You won a cash prize! Submit details to claim.,Spam
Bitcoin Investment: Double Your Money!,Get a massive 70% discount today! Limited time only.,Spam
Urgent: Your Account Is At Risk,Invest in Bitcoin today and double your money in a month!,Spam
You've Been Chosen! Collect Your Reward,Get unlimited movie streaming for free. Sign up today!,Spam
You've Been Chosen! Collect Your Reward,Get a massive 70% discount today! Limited time only.,Spam
Exclusive Offer! 70% Discount Inside,Get unlimited movie streaming for free. Sign up today!,Spam
Final Notice: Urgent Account Update Needed,Earn $500 per day from home with no experience required.,Spam
You've Been Chosen! Collect Your Reward,Click here to claim your prize.,Spam
You've Been Chosen! Collect Your Reward,Update your account details immediately to avoid suspension.,Spam
Urgent: Your Account Is At Risk,Earn $500 per day from home with no experience required.,Spam
Bitcoin Investment: Double Your Money!,You've been selected for an exclusive gift. Act now!,Spam
Urgent: Your Account Is At Risk,Earn $500 per day from home with no experience required.,Spam
Congratulations! You won a free trip,Get a free smartwatch with your first purchase.,Spam
Final Notice: Urgent Account Update Needed,Earn $500 per day from home with no experience required.,Spam
Claim Your Free iPhone Today!,Get a free smartwatch with your first purchase.,Spam
Claim Your Free iPhone Today!,Win a free iPhone by signing up now.,Spam
Work from Home and Earn $500 Daily,Click here to claim your prize.,Spam
Exclusive Offer! 70% Discount Inside,Your bank account is at risk! Verify details immediately.,Spam
You're Selected for a Cash Prize!,Get unlimited movie streaming for free. Sign up today!,Spam
Bitcoin Investment: Double Your Money!,Your loan has been pre-approved. Check eligibility now.,Spam
Claim Your Free Gift Now!,Get unlimited movie streaming for free. Sign up today!,Spam
Unlimited Streaming for Free!,Get a free smartwatch with your first purchase.,Spam
Claim Your Free Gift Now!,Get a massive 70% discount today! Limited time only.,Spam
Exclusive Offer! 70% Discount Inside,Win a free iPhone by signing up now.,Spam
You've Been Chosen! Collect Your Reward,Update your account details immediately to avoid suspension.,Spam
Urgent: Your Account Is At Risk,Your loan has been pre-approved. Check eligibility now.,Spam
Unlimited Streaming for Free!,Click here to claim your prize.,Spam
Congratulations! You won a free trip,Your bank account is at risk! Verify details immediately.,Spam
Claim Your Free Gift Now!,You've been selected for an exclusive gift. Act now!,Spam
Exclusive Offer! 70% Discount Inside,Get unlimited movie streaming for free. Sign up today!,Spam
Claim Your Free Gift Now!,You've been selected for an exclusive gift. Act now!,Spam
Urgent: Your Account Is At Risk,You've been selected for an exclusive gift. Act now!,Spam
Unlimited Streaming for Free!,Earn $500 per day from home with no experience required.,Spam
Claim Your Free iPhone Today!,Get a massive 70% discount today! Limited time only.,Spam
Work from Home and Earn $500 Daily,You've been selected for an exclusive gift. Act now!,Spam
Congratulations! You won a free trip,Update your account details immediately to avoid suspension.,Spam
Claim Your Free iPhone Today!,Invest in Bitcoin today and double your money in a month!,Spam
You've Been Chosen! Collect Your Reward,Click here to claim your prize.,Spam
Congratulations! You won a free trip,Invest in Bitcoin today and double your money in a month!,Spam
Urgent: Your Account Is At Risk,Update your account details immediately to avoid suspension.,Spam
Claim Your Free iPhone Today!,Update your account details immediately to avoid suspension.,Spam
Your Loan Pre-Approval is Ready,You've been selected for an exclusive gift. Act now!,Spam
You've Been Chosen! Collect Your Reward,Win a free iPhone by signing up now.,Spam
Work from Home and Earn $500 Daily,Your bank account is at risk! Verify details immediately.,Spam
Urgent: Your Account Is At Risk,Invest in Bitcoin today and double your money in a month!,Spam
You're Selected for a Cash Prize!,You've been selected for an exclusive gift. Act now!,Spam
Exclusive Offer! 70% Discount Inside,Get a massive 70% discount today! Limited time only.,Spam
Final Notice: Urgent Account Update Needed,Your loan has been pre-approved. Check eligibility now.,Spam
Exclusive Offer! 70% Discount Inside,Get a free smartwatch with your first purchase.,Spam
Urgent: Your Account Is At Risk,Click here to claim your prize.,Spam
Congratulations! You won a free trip,Invest in Bitcoin today and double your money in a month!,Spam
You've Been Chosen! Collect Your Reward,Invest in Bitcoin today and double your money in a month!,Spam
Bitcoin Investment: Double Your Money!,Invest in Bitcoin today and double your money in a month!,Spam
Final Notice: Urgent Account Update Needed,Get a free smartwatch with your first purchase.,Spam
Claim Your Free Gift Now!,Get a free smartwatch with your first purchase.,Spam
Urgent: Your Account Is At Risk,You've been selected for an exclusive gift. Act now!,Spam
You're Selected for a Cash Prize!,Get a massive 70% discount today! Limited time only.,Spam
Unlimited Streaming for Free!,Win a free iPhone by signing up now.,Spam
Final Notice: Urgent Account Update Needed,Win a free iPhone by signing up now.,Spam
Claim Your Free iPhone Today!,Update your account details immediately to avoid suspension.,Spam
Unlimited Streaming for Free!,You've been selected for an exclusive gift. Act now!,Spam
Exclusive Offer! 70% Discount Inside,Update your account details immediately to avoid suspension.,Spam
You've Been Chosen! Collect Your Reward,Get unlimited movie streaming for free. Sign up today!,Spam
You're Selected for a Cash Prize!,You've been selected for an exclusive gift. Act now!,Spam
You've Been Chosen! Collect Your Reward,Click here to claim your prize.,Spam
Work from Home and Earn $500 Daily,Click here to claim your prize.,Spam
Your Loan Pre-Approval is Ready,Your loan has been pre-approved. Check eligibility now.,Spam
Urgent: Your Account Is At Risk,Invest in Bitcoin today and double your money in a month!,Spam
Work from Home and Earn $500 Daily,Your loan has been pre-approved. Check eligibility now.,Spam
Claim Your Free Gift Now!,Your loan has been pre-approved. Check eligibility now.,Spam
Unlimited Streaming for Free!,Get unlimited movie streaming for free. Sign up today!,Spam
Claim Your Free iPhone Today!,Earn $500 per day from home with no experience required.,Spam
Claim Your Free iPhone Today!,Click here to claim your prize.,Spam
Unlimited Streaming for Free!,Update your account details immediately to avoid suspension.,Spam
Urgent: Your Account Is At Risk,Get unlimited movie streaming for free. Sign up today!,Spam
Your Loan Pre-Approval is Ready,You've been selected for an exclusive gift. Act now!,Spam
Claim Your Free iPhone Today!,Update your account details immediately to avoid suspension.,Spam
You're Selected for a Cash Prize!,Get unlimited movie streaming for free. Sign up today!,Spam
Work from Home and Earn $500 Daily,You won a cash prize! Submit details to claim.,Spam
Urgent: Your Account Is At Risk,Invest in Bitcoin today and double your money in a month!,Spam
Unlimited Streaming for Free!,Your loan has been pre-approved. Check eligibility now.,Spam
Work from Home and Earn $500 Daily,Your bank account is at risk! Verify details immediately.,Spam
Final Notice: Urgent Account Update Needed,Get unlimited movie streaming for free. Sign up today!,Spam
Exclusive Offer! 70% Discount Inside,You won a cash prize! Submit details to claim.,Spam
You've Been Chosen! Collect Your Reward,You won a cash prize! Submit details to claim.,Spam
You've Been Chosen! Collect Your Reward,You've been selected for an exclusive gift. Act now!,Spam
You're Selected for a Cash Prize!,Your bank account is at risk! Verify details immediately.,Spam
Exclusive Offer! 70% Discount Inside,You won a cash prize! Submit details to claim.,Spam
Congratulations! You won a free trip,Update your account details immediately to avoid suspension.,Spam
Urgent: Your Account Is At Risk,Get a massive 70% discount today! Limited time only.,Spam
Claim Your Free Gift Now!,Get unlimited movie streaming for free. Sign up today!,Spam
Claim Your Free Gift Now!,You won a cash prize! Submit details to claim.,Spam
Congratulations! You won a free trip,Your loan has been pre-approved. Check eligibility now.,Spam
Unlimited Streaming for Free!,Update your account details immediately to avoid suspension.,Spam
Claim Your Free Gift Now!,You won a cash prize! Submit details to claim.,Spam
Claim Your Free iPhone Today!,Your bank account is at risk! Verify details immediately.,Spam
Bitcoin Investment: Double Your Money!,You won a cash prize! Submit details to claim.,Spam
Urgent: Your Account Is At Risk,Invest in Bitcoin today and double your money in a month!,Spam
Claim Your Free iPhone Today!,Update your account details immediately to avoid suspension.,Spam
Congratulations! You won a free trip,Get a free smartwatch with your first purchase.,Spam
Exclusive Offer! 70% Discount Inside,Your loan has been pre-approved. Check eligibility now.,Spam
Your Loan Pre-Approval is Ready,Your bank account is at risk! Verify details immediately.,Spam
Your Loan Pre-Approval is Ready,Get unlimited movie streaming for free. Sign up today!,Spam
Exclusive Offer! 70% Discount Inside,Update your account details immediately to avoid suspension.,Spam
Urgent: Your Account Is At Risk,Your loan has been pre-approved. Check eligibility now.,Spam
Your Loan Pre-Approval is Ready,Your bank account is at risk! Verify details immediately.,Spam
You're Selected for a Cash Prize!,Your bank account is at risk! Verify details immediately.,Spam
Congratulations! You won a free trip,Click here to claim your prize.,Spam
You're Selected for a Cash Prize!,Get a free smartwatch with your first purchase.,Spam
Claim Your Free iPhone Today!,Get a free smartwatch with your first purchase.,Spam
Unlimited Streaming for Free!,Your loan has been pre-approved. Check eligibility now.,Spam
Exclusive Offer! 70% Discount Inside,You've been selected for an exclusive gift. Act now!,Spam
Bitcoin Investment: Double Your Money!,Invest in Bitcoin today and double your money in a month!,Spam
Exclusive Offer! 70% Discount Inside,Your bank account is at risk! Verify details immediately.,Spam
You've Been Chosen! Collect Your Reward,Get a free smartwatch with your first purchase.,Spam
Claim Your Free Gift Now!,Win a free iPhone by signing up now.,Spam
Work from Home and Earn $500 Daily,Invest in Bitcoin today and double your money in a month!,Spam
You've Been Chosen! Collect Your Reward,Get unlimited movie streaming for free. Sign up today!,Spam
Claim Your Free iPhone Today!,Your bank account is at risk! Verify details immediately.,Spam
You've Been Chosen! Collect Your Reward,Win a free iPhone by signing up now.,Spam
Final Notice: Urgent Account Update Needed,Get a free smartwatch with your first purchase.,Spam
Claim Your Free Gift Now!,Earn $500 per day from home with no experience required.,Spam
Bitcoin Investment: Double Your Money!,Your bank account is at risk! Verify details immediately.,Spam
Claim Your Free Gift Now!,Your loan has been pre-approved. Check eligibility now.,Spam
Your Loan Pre-Approval is Ready,You won a cash prize! Submit details to claim.,Spam
Final Notice: Urgent Account Update Needed,Win a free iPhone by signing up now.,Spam
Work from Home and Earn $500 Daily,Win a free iPhone by signing up now.,Spam
Claim Your Free iPhone Today!,Invest in Bitcoin today and double your money in a month!,Spam
Congratulations! You won a free trip,Your bank account is at risk! Verify details immediately.,Spam
Exclusive Offer! 70% Discount Inside,Click here to claim your prize.,Spam
Urgent: Your Account Is At Risk,Your bank account is at risk! Verify details immediately.,Spam
Work from Home and Earn $500 Daily,Get unlimited movie streaming for free. Sign up today!,Spam
Claim Your Free Gift Now!,Click here to claim your prize.,Spam
Claim Your Free Gift Now!,Get a free smartwatch with your first purchase.,Spam
Claim Your Free iPhone Today!,Win a free iPhone by signing up now.,Spam
Claim Your Free iPhone Today!,Click here to claim your prize.,Spam
Final Notice: Urgent Account Update Needed,Your loan has been pre-approved. Check eligibility now.,Spam
Urgent: Your Account Is At Risk,Your bank account is at risk! Verify details immediately.,Spam
Your Loan Pre-Approval is Ready,Invest in Bitcoin today and double your money in a month!,Spam
Urgent: Your Account Is At Risk,Earn $500 per day from home with no experience required.,Spam
Work from Home and Earn $500 Daily,Get a free smartwatch with your first purchase.,Spam
Bitcoin Investment: Double Your Money!,Get unlimited movie streaming for free. Sign up today!,Spam
You're Selected for a Cash Prize!,Update your account details immediately to avoid suspension.,Spam
Urgent: Your Account Is At Risk,Get a free smartwatch with your first purchase.,Spam
Claim Your Free iPhone Today!,Win a free iPhone by signing up now.,Spam
Congratulations! You won a free trip,You've been selected for an exclusive gift. Act now!,Spam
You're Selected for a Cash Prize!,Win a free iPhone by signing up now.,Spam
Claim Your Free iPhone Today!,Your loan has been pre-approved. Check eligibility now.,Spam
Urgent: Your Account Is At Risk,You've been selected for an exclusive gift. Act now!,Spam
Unlimited Streaming for Free!,Earn $500 per day from home with no experience required.,Spam
Exclusive Offer! 70% Discount Inside,Get unlimited movie streaming for free. Sign up today!,Spam
Your Loan Pre-Approval is Ready,Update your account details immediately to avoid suspension.,Spam
Urgent: Your Account Is At Risk,Get a free smartwatch with your first purchase.,Spam
Exclusive Offer! 70% Discount Inside,Update your account details immediately to avoid suspension.,Spam
Congratulations! You won a free trip,Click here to claim your prize.,Spam
Urgent: Your Account Is At Risk,Update your account details immediately to avoid suspension.,Spam
Claim Your Free Gift Now!,Win a free iPhone by signing up now.,Spam
You've Been Chosen! Collect Your Reward,You've been selected for an exclusive gift. Act now!,Spam
Your Loan Pre-Approval is Ready,Your loan has been pre-approved. Check eligibility now.,Spam
You're Selected for a Cash Prize!,Invest in Bitcoin today and double your money in a month!,Spam
Congratulations! You won a free trip,Your loan has been pre-approved. Check eligibility now.,Spam
You've Been Chosen! Collect Your Reward,Your bank account is at risk! Verify details immediately.,Spam
Work from Home and Earn $500 Daily,You've been selected for an exclusive gift. Act now!,Spam
Your Loan Pre-Approval is Ready,Win a free iPhone by signing up now.,Spam
Work from Home and Earn $500 Daily,Your loan has been pre-approved. Check eligibility now.,Spam
You've Been Chosen! Collect Your Reward,Your bank account is at risk! Verify details immediately.,Spam
You've Been Chosen! Collect Your Reward,Click here to claim your prize.,Spam
Your Loan Pre-Approval is Ready,Get unlimited movie streaming for free. Sign up today!,Spam
Claim Your Free iPhone Today!,Your loan has been pre-approved. Check eligibility now.,Spam
Final Notice: Urgent Account Update Needed,Get a free smartwatch with your first purchase.,Spam
Claim Your Free Gift Now!,You won a cash prize! Submit details to claim.,Spam
You've Been Chosen! Collect Your Reward,Your loan has been pre-approved. Check eligibility now.,Spam
Bitcoin Investment: Double Your Money!,Click here to claim your prize.,Spam
Your Loan Pre-Approval is Ready,Get unlimited movie streaming for free. Sign up today!,Spam
Work from Home and Earn $500 Daily,Get unlimited movie streaming for free. Sign up today!,Spam
You've Been Chosen! Collect Your Reward,Invest in Bitcoin today and double your money in a month!,Spam
Work from Home and Earn $500 Daily,You've been selected for an exclusive gift. Act now!,Spam
Final Notice: Urgent Account Update Needed,Your loan has been pre-approved. Check eligibility now.,Spam
Claim Your Free Gift Now!,You won a cash prize! Submit details to claim.,Spam
Work from Home and Earn $500 Daily,Update your account details immediately to avoid suspension.,Spam
Exclusive Offer! 70% Discount Inside,Get a massive 70% discount today! Limited time only.,Spam
You're Selected for a Cash Prize!,Update your account details immediately to avoid suspension.,Spam
Work from Home and Earn $500 Daily,Update your account details immediately to avoid suspension.,Spam
Claim Your Free Gift Now!,Get unlimited movie streaming for free. Sign up today!,Spam
Claim Your Free iPhone Today!,Update your account details immediately to avoid suspension.,Spam
You've Been Chosen! Collect Your Reward,Get a massive 70% discount today! Limited time only.,Spam
Exclusive Offer! 70% Discount Inside,Earn $500 per day from home with no experience required.,Spam
Exclusive Offer! 70% Discount Inside,Earn $500 per day from home with no experience required.,Spam
You've Been Chosen! Collect Your Reward,Your bank account is at risk! Verify details immediately.,Spam
You've Been Chosen! Collect Your Reward,You've been selected for an exclusive gift. Act now!,Spam
You're Selected for a Cash Prize!,Your loan has been pre-approved. Check eligibility now.,Spam
Your Loan Pre-Approval is Ready,Earn $500 per day from home with no experience required.,Spam
Exclusive Offer! 70% Discount Inside,Invest in Bitcoin today and double your money in a month!,Spam
Work from Home and Earn $500 Daily,Your bank account is at risk! Verify details immediately.,Spam
Congratulations! You won a free trip,Get a free smartwatch with your first purchase.,Spam
Bitcoin Investment: Double Your Money!,You've been selected for an exclusive gift. Act now!,Spam
Unlimited Streaming for Free!,You won a cash prize! Submit details to claim.,Spam
You're Selected for a Cash Prize!,Update your account details immediately to avoid suspension.,Spam
Unlimited Streaming for Free!,You've been selected for an exclusive gift. Act now!,Spam
Unlimited Streaming for Free!,Get unlimited movie streaming for free. Sign up today!,Spam
You're Selected for a Cash Prize!,Earn $500 per day from home with no experience required.,Spam
You're Selected for a Cash Prize!,Win a free iPhone by signing up now.,Spam
Claim Your Free Gift Now!,Your loan has been pre-approved. Check eligibility now.,Spam
Final Notice: Urgent Account Update Needed,Your loan has been pre-approved. Check eligibility now.,Spam
Claim Your Free Gift Now!,You've been selected for an exclusive gift. Act now!,Spam
Work from Home and Earn $500 Daily,Get a massive 70% discount today! Limited time only.,Spam
Your Loan Pre-Approval is Ready,Get a massive 70% discount today! Limited time only.,Spam
Work from Home and Earn $500 Daily,Your bank account is at risk! Verify details immediately.,Spam
Urgent: Your Account Is At Risk,Get a massive 70% discount today! Limited time only.,Spam
Claim Your Free iPhone Today!,You won a cash prize! Submit details to claim.,Spam
Congratulations! You won a free trip,Invest in Bitcoin today and double your money in a month!,Spam
Urgent: Your Account Is At Risk,Earn $500 per day from home with no experience required.,Spam
You're Selected for a Cash Prize!,Win a free iPhone by signing up now.,Spam
Urgent: Your Account Is At Risk,You won a cash prize! Submit details to claim.,Spam
You're Selected for a Cash Prize!,Your bank account is at risk! Verify details immediately.,Spam
Claim Your Free iPhone Today!,Click here to claim your prize.,Spam
Claim Your Free iPhone Today!,Your bank account is at risk! Verify details immediately.,Spam
Urgent: Your Account Is At Risk,Your loan has been pre-approved. Check eligibility now.,Spam
Claim Your Free Gift Now!,Get a free smartwatch with your first purchase.,Spam
Urgent: Your Account Is At Risk,You won a cash prize! Submit details to claim.,Spam
Unlimited Streaming for Free!,Get unlimited movie streaming for free. Sign up today!,Spam
Your Loan Pre-Approval is Ready,Your loan has been pre-approved. Check eligibility now.,Spam
Work from Home and Earn $500 Daily,You won a cash prize! Submit details to claim.,Spam
Final Notice: Urgent Account Update Needed,You've been selected for an exclusive gift. Act now!,Spam
You're Selected for a Cash Prize!,You've been selected for an exclusive gift. Act now!,Spam
Final Notice: Urgent Account Update Needed,Invest in Bitcoin today and double your money in a month!,Spam
Claim Your Free Gift Now!,Click here to claim your prize.,Spam
Work from Home and Earn $500 Daily,Your bank account is at risk! Verify details immediately.,Spam
Bitcoin Investment: Double Your Money!,Win a free iPhone by signing up now.,Spam
You're Selected for a Cash Prize!,Click here to claim your prize.,Spam
You've Been Chosen! Collect Your Reward,Earn $500 per day from home with no experience required.,Spam
Your Loan Pre-Approval is Ready,Your loan has been pre-approved. Check eligibility now.,Spam
Claim Your Free Gift Now!,Get a free smartwatch with your first purchase.,Spam
You're Selected for a Cash Prize!,You've been selected for an exclusive gift. Act now!,Spam
Urgent: Your Account Is At Risk,Get a free smartwatch with your first purchase.,Spam
Final Notice: Urgent Account Update Needed,Update your account details immediately to avoid suspension.,Spam
Exclusive Offer! 70% Discount Inside,Your loan has been pre-approved. Check eligibility now.,Spam
You've Been Chosen! Collect Your Reward,Click here to claim your prize.,Spam
Bitcoin Investment: Double Your Money!,Invest in Bitcoin today and double your money in a month!,Spam
Exclusive Offer! 70% Discount Inside,You've been selected for an exclusive gift. Act now!,Spam
Your Loan Pre-Approval is Ready,Invest in Bitcoin today and double your money in a month!,Spam
You've Been Chosen! Collect Your Reward,Click here to claim your prize.,Spam
Final Notice: Urgent Account Update Needed,Invest in Bitcoin today and double your money in a month!,Spam
Work from Home and Earn $500 Daily,Win a free iPhone by signing up now.,Spam
You've Been Chosen! Collect Your Reward,Win a free iPhone by signing up now.,Spam
Your Loan Pre-Approval is Ready,Get a free smartwatch with your first purchase.,Spam
Your Loan Pre-Approval is Ready,You've been selected for an exclusive gift. Act now!,Spam
Unlimited Streaming for Free!,Get unlimited movie streaming for free. Sign up today!,Spam
Work from Home and Earn $500 Daily,Invest in Bitcoin today and double your money in a month!,Spam
You've Been Chosen! Collect Your Reward,You've been selected for an exclusive gift. Act now!,Spam
Final Notice: Urgent Account Update Needed,Get a free smartwatch with your first purchase.,Spam
You're Selected for a Cash Prize!,You've been selected for an exclusive gift. Act now!,Spam
Exclusive Offer! 70% Discount Inside,You won a cash prize! Submit details to claim.,Spam
Claim Your Free iPhone Today!,Get a free smartwatch with your first purchase.,Spam
Bitcoin Investment: Double Your Money!,Get a massive 70% discount today! Limited time only.,Spam
Claim Your Free iPhone Today!,Invest in Bitcoin today and double your money in a month!,Spam
Your Loan Pre-Approval is Ready,Invest in Bitcoin today and double your money in a month!,Spam
You've Been Chosen! Collect Your Reward,Your bank account is at risk! Verify details immediately.,Spam
You're Selected for a Cash Prize!,Click here to claim your prize.,Spam
Your Loan Pre-Approval is Ready,Invest in Bitcoin today and double your money in a month!,Spam
Urgent: Your Account Is At Risk,Invest in Bitcoin today and double your money in a month!,Spam
Claim Your Free iPhone Today!,You won a cash prize! Submit details to claim.,Spam
Your Loan Pre-Approval is Ready,Get a free smartwatch with your first purchase.,Spam
Bitcoin Investment: Double Your Money!,Get a free smartwatch with your first purchase.,Spam
Claim Your Free iPhone Today!,You won a cash prize! Submit details to claim.,Spam
Claim Your Free iPhone Today!,Your loan has been pre-approved. Check eligibility now.,Spam
Unlimited Streaming for Free!,Get a free smartwatch with your first purchase.,Spam
Claim Your Free Gift Now!,Get a free smartwatch with your first purchase.,Spam
Unlimited Streaming for Free!,Update your account details immediately to avoid suspension.,Spam
Claim Your Free Gift Now!,Get a free smartwatch with your first purchase.,Spam
Final Notice: Urgent Account Update Needed,Earn $500 per day from home with no experience required.,Spam
You're Selected for a Cash Prize!,Your loan has been pre-approved. Check eligibility now.,Spam
Claim Your Free iPhone Today!,Your bank account is at risk! Verify details immediately.,Spam
Work from Home and Earn $500 Daily,Get a free smartwatch with your first purchase.,Spam
Bitcoin Investment: Double Your Money!,Get a free smartwatch with your first purchase.,Spam
Exclusive Offer! 70% Discount Inside,Invest in Bitcoin today and double your money in a month!,Spam
Bitcoin Investment: Double Your Money!,Win a free iPhone by signing up now.,Spam
Work from Home and Earn $500 Daily,Update your account details immediately to avoid suspension.,Spam
Final Notice: Urgent Account Update Needed,Click here to claim your prize.,Spam
Claim Your Free iPhone Today!,Earn $500 per day from home with no experience required.,Spam
Urgent: Your Account Is At Risk,You won a cash prize! Submit details to claim.,Spam
Exclusive Offer! 70% Discount Inside,Get unlimited movie streaming for free. Sign up today!,Spam
Claim Your Free Gift Now!,Invest in Bitcoin today and double your money in a month!,Spam
You're Selected for a Cash Prize!,Your loan has been pre-approved. Check eligibility now.,Spam
Exclusive Offer! 70% Discount Inside,Your loan has been pre-approved. Check eligibility now.,Spam
Final Notice: Urgent Account Update Needed,Your bank account is at risk! Verify details immediately.,Spam
Exclusive Offer! 70% Discount Inside,You've been selected for an exclusive gift. Act now!,Spam
Your Loan Pre-Approval is Ready,Invest in Bitcoin today and double your money in a month!,Spam
Urgent: Your Account Is At Risk,Get unlimited movie streaming for free. Sign up today!,Spam
Urgent: Your Account Is At Risk,Your loan has been pre-approved. Check eligibility now.,Spam
You're Selected for a Cash Prize!,Click here to claim your prize.,Spam
Unlimited Streaming for Free!,Your loan has been pre-approved. Check eligibility now.,Spam
Your Loan Pre-Approval is Ready,Invest in Bitcoin today and double your money in a month!,Spam
Unlimited Streaming for Free!,Earn $500 per day from home with no experience required.,Spam
Claim Your Free Gift Now!,Your loan has been pre-approved. Check eligibility now.,Spam
You've Been Chosen! Collect Your Reward,Update your account details immediately to avoid suspension.,Spam
Exclusive Offer! 70% Discount Inside,Win a free iPhone by signing up now.,Spam
Claim Your Free Gift Now!,Get a free smartwatch with your first purchase.,Spam
Exclusive Offer! 70% Discount Inside,Your loan has been pre-approved. Check eligibility now.,Spam
Bitcoin Investment: Double Your Money!,Get a free smartwatch with your first purchase.,Spam
Work from Home and Earn $500 Daily,Earn $500 per day from home with no experience required.,Spam
Congratulations! You won a free trip,Update your account details immediately to avoid suspension.,Spam
Congratulations! You won a free trip,Click here to claim your prize.,Spam
Claim Your Free iPhone Today!,You won a cash prize! Submit details to claim.,Spam
Work from Home and Earn $500 Daily,Win a free iPhone by signing up now.,Spam
Congratulations! You won a free trip,Your loan has been pre-approved. Check eligibility now.,Spam
Unlimited Streaming for Free!,Win a free iPhone by signing up now.,Spam
Urgent: Your Account Is At Risk,Click here to claim your prize.,Spam
Unlimited Streaming for Free!,You won a cash prize! Submit details to claim.,Spam
Congratulations! You won a free trip,Get a free smartwatch with your first purchase.,Spam
Congratulations! You won a free trip,Update your account details immediately to avoid suspension.,Spam
Your Loan Pre-Approval is Ready,Get a massive 70% discount today! Limited time only.,Spam
You're Selected for a Cash Prize!,Earn $500 per day from home with no experience required.,Spam
You've Been Chosen! Collect Your Reward,Get unlimited movie streaming for free. Sign up today!,Spam
Claim Your Free Gift Now!,Win a free iPhone by signing up now.,Spam
Work from Home and Earn $500 Daily,Your bank account is at risk! Verify details immediately.,Spam
You're Selected for a Cash Prize!,You've been selected for an exclusive gift. Act now!,Spam
Work from Home and Earn $500 Daily,You've been selected for an exclusive gift. Act now!,Spam
Exclusive Offer! 70% Discount Inside,Your bank account is at risk! Verify details immediately.,Spam
You're Selected for a Cash Prize!,You won a cash prize! Submit details to claim.,Spam
Bitcoin Investment: Double Your Money!,Update your account details immediately to avoid suspension.,Spam
Claim Your Free iPhone Today!,Your loan has been pre-approved. Check eligibility now.,Spam
Final Notice: Urgent Account Update Needed,Update your account details immediately to avoid suspension.,Spam
Unlimited Streaming for Free!,You won a cash prize! Submit details to claim.,Spam
Bitcoin Investment: Double Your Money!,Click here to claim your prize.,Spam
Work from Home and Earn $500 Daily,You've been selected for an exclusive gift. Act now!,Spam
Unlimited Streaming for Free!,Your bank account is at risk! Verify details immediately.,Spam
Claim Your Free Gift Now!,Get a massive 70% discount today! Limited time only.,Spam
You've Been Chosen! Collect Your Reward,Get a free smartwatch with your first purchase.,Spam
You're Selected for a Cash Prize!,Update your account details immediately to avoid suspension.,Spam
You've Been Chosen! Collect Your Reward,You won a cash prize! Submit details to claim.,Spam
Unlimited Streaming for Free!,Earn $500 per day from home with no experience required.,Spam
Claim Your Free iPhone Today!,Your loan has been pre-approved. Check eligibility now.,Spam
Exclusive Offer! 70% Discount Inside,Invest in Bitcoin today and double your money in a month!,Spam
You've Been Chosen! Collect Your Reward,Update your account details immediately to avoid suspension.,Spam
Unlimited Streaming for Free!,Get a free smartwatch with your first purchase.,Spam
Congratulations! You won a free trip,Your bank account is at risk! Verify details immediately.,Spam
Claim Your Free Gift Now!,Click here to claim your prize.,Spam
Claim Your Free Gift Now!,Win a free iPhone by signing up now.,Spam
You've Been Chosen! Collect Your Reward,Your loan has been pre-approved. Check eligibility now.,Spam
Work from Home and Earn $500 Daily,Get a massive 70% discount today! Limited time only.,Spam
Claim Your Free Gift Now!,Your bank account is at risk! Verify details immediately.,Spam
Exclusive Offer! 70% Discount Inside,Earn $500 per day from home with no experience required.,Spam
Unlimited Streaming for Free!,Update your account details immediately to avoid suspension.,Spam
Claim Your Free iPhone Today!,Update your account details immediately to avoid suspension.,Spam
Exclusive Offer! 70% Discount Inside,Invest in Bitcoin today and double your money in a month!,Spam
Exclusive Offer! 70% Discount Inside,Your loan has been pre-approved. Check eligibility now.,Spam
Claim Your Free Gift Now!,You've been selected for an exclusive gift. Act now!,Spam
Unlimited Streaming for Free!,Get a free smartwatch with your first purchase.,Spam
Urgent: Your Account Is At Risk,Earn $500 per day from home with no experience required.,Spam
Claim Your Free iPhone Today!,Get unlimited movie streaming for free. Sign up today!,Spam
Claim Your Free iPhone Today!,Your loan has been pre-approved. Check eligibility now.,Spam
Final Notice: Urgent Account Update Needed,Invest in Bitcoin today and double your money in a month!,Spam
Unlimited Streaming for Free!,Earn $500 per day from home with no experience required.,Spam
You've Been Chosen! Collect Your Reward,Your loan has been pre-approved. Check eligibility now.,Spam
Work from Home and Earn $500 Daily,Update your account details immediately to avoid suspension.,Spam
You're Selected for a Cash Prize!,Earn $500 per day from home with no experience required.,Spam
Unlimited Streaming for Free!,Invest in Bitcoin today and double your money in a month!,Spam
Exclusive Offer! 70% Discount Inside,Get a free smartwatch with your first purchase.,Spam
Unlimited Streaming for Free!,Get a free smartwatch with your first purchase.,Spam
Claim Your Free Gift Now!,You won a cash prize! Submit details to claim.,Spam
Congratulations! You won a free trip,Click here to claim your prize.,Spam
Congratulations! You won a free trip,Earn $500 per day from home with no experience required.,Spam
Urgent: Your Account Is At Risk,Your bank account is at risk! Verify details immediately.,Spam
Claim Your Free iPhone Today!,Click here to claim your prize.,Spam
Final Notice: Urgent Account Update Needed,Your loan has been pre-approved. Check eligibility now.,Spam
Unlimited Streaming for Free!,You won a cash prize! Submit details to claim.,Spam
Bitcoin Investment: Double Your Money!,Update your account details immediately to avoid suspension.,Spam
Congratulations! You won a free trip,Get a free smartwatch with your first purchase.,Spam
You're Selected for a Cash Prize!,Click here to claim your prize.,Spam
Work from Home and Earn $500 Daily,Your bank account is at risk! Verify details immediately.,Spam
You've Been Chosen! Collect Your Reward,Get a free smartwatch with your first purchase.,Spam
Exclusive Offer! 70% Discount Inside,Your loan has been pre-approved. Check eligibility now.,Spam
Bitcoin Investment: Double Your Money!,Your bank account is at risk! Verify details immediately.,Spam
Exclusive Offer! 70% Discount Inside,Your loan has been pre-approved. Check eligibility now.,Spam
Bitcoin Investment: Double Your Money!,Your loan has been pre-approved. Check eligibility now.,Spam
Claim Your Free iPhone Today!,You've been selected for an exclusive gift. Act now!,Spam
Claim Your Free iPhone Today!,Invest in Bitcoin today and double your money in a month!,Spam
Exclusive Offer! 70% Discount Inside,Get unlimited movie streaming for free. Sign up today!,Spam
Claim Your Free iPhone Today!,Get unlimited movie streaming for free. Sign up today!,Spam
Claim Your Free Gift Now!,Get unlimited movie streaming for free. Sign up today!,Spam
Claim Your Free iPhone Today!,You won a cash prize! Submit details to claim.,Spam
Your Loan Pre-Approval is Ready,You won a cash prize! Submit details to claim.,Spam
Claim Your Free iPhone Today!,Invest in Bitcoin today and double your money in a month!,Spam
Claim Your Free Gift Now!,Click here to claim your prize.,Spam
Congratulations! You won a free trip,Your bank account is at risk! Verify details immediately.,Spam
Congratulations! You won a free trip,You've been selected for an exclusive gift. Act now!,Spam
Exclusive Offer! 70% Discount Inside,Earn $500 per day from home with no experience required.,Spam
Urgent: Your Account Is At Risk,Your bank account is at risk! Verify details immediately.,Spam
Your Loan Pre-Approval is Ready,Get a massive 70% discount today! Limited time only.,Spam
Urgent: Your Account Is At Risk,Your loan has been pre-approved. Check eligibility now.,Spam
Claim Your Free Gift Now!,You won a cash prize! Submit details to claim.,Spam
You're Selected for a Cash Prize!,Invest in Bitcoin today and double your money in a month!,Spam
Bitcoin Investment: Double Your Money!,Get a massive 70% discount today! Limited time only.,Spam
You've Been Chosen! Collect Your Reward,Your loan has been pre-approved. Check eligibility now.,Spam
Congratulations! You won a free trip,Your loan has been pre-approved. Check eligibility now.,Spam
Congratulations! You won a free trip,Invest in Bitcoin today and double your money in a month!,Spam
Urgent: Your Account Is At Risk,Click here to claim your prize.,Spam
You're Selected for a Cash Prize!,Your loan has been pre-approved. Check eligibility now.,Spam
You're Selected for a Cash Prize!,Earn $500 per day from home with no experience required.,Spam
You've Been Chosen! Collect Your Reward,Get a massive 70% discount today! Limited time only.,Spam
You've Been Chosen! Collect Your Reward,Invest in Bitcoin today and double your money in a month!,Spam
Claim Your Free iPhone Today!,Get a free smartwatch with your first purchase.,Spam
Claim Your Free Gift Now!,Update your account details immediately to avoid suspension.,Spam
Claim Your Free Gift Now!,Your loan has been pre-approved. Check eligibility now.,Spam
Claim Your Free iPhone Today!,Update your account details immediately to avoid suspension.,Spam
Congratulations! You won a free trip,Get a massive 70% discount today! Limited time only.,Spam
Claim Your Free Gift Now!,Win a free iPhone by signing up now.,Spam
Work from Home and Earn $500 Daily,Win a free iPhone by signing up now.,Spam
Unlimited Streaming for Free!,Earn $500 per day from home with no experience required.,Spam
Urgent: Your Account Is At Risk,Update your account details immediately to avoid suspension.,Spam
Claim Your Free iPhone Today!,Invest in Bitcoin today and double your money in a month!,Spam
Bitcoin Investment: Double Your Money!,You won a cash prize! Submit details to claim.,Spam
Congratulations! You won a free trip,You've been selected for an exclusive gift. Act now!,Spam
Claim Your Free iPhone Today!,Click here to claim your prize.,Spam
Unlimited Streaming for Free!,You won a cash prize! Submit details to claim.,Spam
Urgent: Your Account Is At Risk,Win a free iPhone by signing up now.,Spam
You're Selected for a Cash Prize!,Your loan has been pre-approved. Check eligibility now.,Spam
Congratulations! You won a free trip,Invest in Bitcoin today and double your money in a month!,Spam
Claim Your Free iPhone Today!,You've been selected for an exclusive gift. Act now!,Spam
Your Loan Pre-Approval is Ready,Update your account details immediately to avoid suspension.,Spam
Congratulations! You won a free trip,Get a free smartwatch with your first purchase.,Spam
Unlimited Streaming for Free!,Win a free iPhone by signing up now.,Spam
Bitcoin Investment: Double Your Money!,Your loan has been pre-approved. Check eligibility now.,Spam
Urgent: Your Account Is At Risk,Get a massive 70% discount today! Limited time only.,Spam
Bitcoin Investment: Double Your Money!,Invest in Bitcoin today and double your money in a month!,Spam
Claim Your Free iPhone Today!,Earn $500 per day from home with no experience required.,Spam
You're Selected for a Cash Prize!,Update your account details immediately to avoid suspension.,Spam
You're Selected for a Cash Prize!,Click here to claim your prize.,Spam
Unlimited Streaming for Free!,Your bank account is at risk! Verify details immediately.,Spam
Congratulations! You won a free trip,Update your account details immediately to avoid suspension.,Spam
Final Notice: Urgent Account Update Needed,Update your account details immediately to avoid suspension.,Spam
You're Selected for a Cash Prize!,Win a free iPhone by signing up now.,Spam
You're Selected for a Cash Prize!,Invest in Bitcoin today and double your money in a month!,Spam
Claim Your Free iPhone Today!,Your loan has been pre-approved. Check eligibility now.,Spam
Bitcoin Investment: Double Your Money!,You've been selected for an exclusive gift. Act now!,Spam
Bitcoin Investment: Double Your Money!,Earn $500 per day from home with no experience required.,Spam
Work from Home and Earn $500 Daily,Your loan has been pre-approved. Check eligibility now.,Spam
You've Been Chosen! Collect Your Reward,Win a free iPhone by signing up now.,Spam
You're Selected for a Cash Prize!,Click here to claim your prize.,Spam
You've Been Chosen! Collect Your Reward,Update your account details immediately to avoid suspension.,Spam
Bitcoin Investment: Double Your Money!,Earn $500 per day from home with no experience required.,Spam
Urgent: Your Account Is At Risk,Get a free smartwatch with your first purchase.,Spam
You've Been Chosen! Collect Your Reward,Get a massive 70% discount today! Limited time only.,Spam
Congratulations! You won a free trip,Invest in Bitcoin today and double your money in a month!,Spam
Urgent: Your Account Is At Risk,You won a cash prize! Submit details to claim.,Spam
Your Loan Pre-Approval is Ready,You won a cash prize! Submit details to claim.,Spam
Claim Your Free Gift Now!,Update your account details immediately to avoid suspension.,Spam
